{
  "mae": 0.5691355681121014,
  "rmse": 0.7609386987759167,
  "mape": 0.7941208193706513
}
