{
  "recall_at_10": 0.22759103641456582,
  "ndcg_at_10": 0.10527456144823732
}
